Ranking,Album,Artist Name,Release Date,Genres,Average Rating,Number of Ratings,Number of Reviews,Cover URL,Tracklist,Deezer_ID
1,OK Computer,Radiohead,1997-06-16,"Alternative Rock, Art Rock",4.23,70382,1531,https://i.discogs.com/VnYA9gk2yWIQtPwljiI9I4_d_lXODBY582RquPzs_sg/rs:fit/g:sm/q:90/h:609/w:600/czM6Ly9kaXNjb2dz/LWRhdGFiYXNlLWlt/YWdlcy9SLTE1ODcx/NjgtMTY0NzQ0NTg0/My00ODU0LmpwZWc.jpeg,1. Airbag (287s); 2. Paranoid Android (387s); 3. Subterranean Homesick Alien (267s); 4. Exit Music (For A Film) (267s); 5. Let Down (299s); 6. Karma Police (264s); 7. Fitter Happier (117s); 8. Electioneering (230s); 9. Climbing Up the Walls (285s); 10. No Surprises (229s); 11. Lucky (258s); 12. The Tourist (326s),14879699.0
2,Wish You Were Here,Pink Floyd,1975-09-12,"Progressive Rock, Art Rock",4.29,48662,983,https://i.discogs.com/_1djgr_cmgajmivwJDVN5Y7Zv4HA8wtUAn51vmbujs4/rs:fit/g:sm/q:90/h:596/w:600/czM6Ly9kaXNjb2dz/LWRhdGFiYXNlLWlt/YWdlcy9SLTQ2MzU5/Ny0xNjc1ODg2OTE1/LTIxMTQuanBlZw.jpeg,1. Shine On You Crazy Diamond (Pts. 1-5) (812s); 2. Welcome to the Machine (451s); 3. Have a Cigar (307s); 4. Wish You Were Here (330s); 5. Shine On You Crazy Diamond (Pts. 6-9) (749s),12114242.0
4,Kid A,Radiohead,2000-10-03,"Art Rock, Experimental Rock, Electronic",4.21,58590,734,https://i.discogs.com/_zg0Us0N_anqCz9hJvFGeRK2v69eDDCxQnHkd7RcgTk/rs:fit/g:sm/q:90/h:600/w:600/czM6Ly9kaXNjb2dz/LWRhdGFiYXNlLWlt/YWdlcy9SLTc0NzQz/LTE1NDg5MDI2NDMt/Mzg2OS5qcGVn.jpeg,1. Everything In Its Right Place (251s); 2. Kid A (284s); 3. The National Anthem (351s); 4. How to Disappear Completely (356s); 5. Treefingers (222s); 6. Optimistic (315s); 7. In Limbo (211s); 8. Idioteque (309s); 9. Morning Bell (275s); 10. Motion Picture Soundtrack (200s); 11. Untitled (52s),14880741.0
5,To Pimp a Butterfly,Kendrick Lamar,2015-03-15,"Conscious Hip Hop, West Coast Hip Hop, Jazz Rap",4.27,44206,379,https://i.discogs.com/mzZN2JyPeiMrz8YnZd04bKifNZ36K5zMECcfHvnTzFk/rs:fit/g:sm/q:90/h:600/w:600/czM6Ly9kaXNjb2dz/LWRhdGFiYXNlLWlt/YWdlcy9SLTc1NTc5/NTctMTQ0Mzk4MjAy/NC01NTk2LmpwZWc.jpeg,1. Wesley's Theory (287s); 2. For Free? (Interlude) (131s); 3. King Kunta (235s); 4. Institutionalized (271s); 5. These Walls (301s); 6. u (268s); 7. Alright (219s); 8. For Sale? (Interlude) (292s); 9. Momma (283s); 10. Hood Politics (293s); 11. How Much A Dollar Cost (262s); 12. Complexion (A Zulu Love) (263s); 13. The Blacker The Berry (331s); 14. You Ain't Gotta Lie (Momma Said) (242s); 15. i (336s); 16. Mortal Man (727s),9896728.0
6,Loveless,My Bloody Valentine,1991-11-04,"Shoegaze, Noise Pop",4.24,49887,1223,https://i.discogs.com/9nhTFx4kXHxywSi3CNHALtff0rc-a1zYMPjq58TmY5k/rs:fit/g:sm/q:90/h:600/w:600/czM6Ly9kaXNjb2dz/LWRhdGFiYXNlLWlt/YWdlcy9SLTg0ODI1/LTEyMzQ5NjU3Mjgu/anBlZw.jpeg,1. Only Shallow (257s); 2. Loomer (158s); 3. Touched (56s); 4. To Here Knows When (331s); 5. When You Sleep (251s); 6. I Only Said (334s); 7. Come in Alone (238s); 8. Sometimes (319s); 9. Blown a Wish (216s); 10. What You Want (333s); 11. Soon (418s),1347692.0
7,The Dark Side of the Moon,Pink Floyd,1973-03-23,"Art Rock, Progressive Rock",4.2,57622,1549,https://i.discogs.com/1fwskTLM6cfxbdNmBDJ8expl6wab0tEgxvuloLIqKh8/rs:fit/g:sm/q:90/h:596/w:600/czM6Ly9kaXNjb2dz/LWRhdGFiYXNlLWlt/YWdlcy9SLTkyODc4/MDktMTQ3OTc1MzIz/Ni05NjE3LmpwZWc.jpeg,1. Speak to Me (65s); 2. Breathe (In the Air) (169s); 3. On the Run (225s); 4. Time (418s); 5. The Great Gig in the Sky (283s); 6. Money (388s); 7. Us and Them (469s); 8. Any Colour You Like (206s); 9. Brain Damage (226s); 10. Eclipse (121s),12114240.0
8,Abbey Road,The Beatles,1969-09-26,Pop Rock,4.25,44544,961,https://i.discogs.com/Tq4RLJXx26PDGwUs7f_x2MrkQD2wn3e7XAaUkWnAvA4/rs:fit/g:sm/q:90/h:607/w:600/czM6Ly9kaXNjb2dz/LWRhdGFiYXNlLWlt/YWdlcy9SLTE0MTg2/NDQxLTE1Njk0ODcx/NjEtNzMxNC5qcGVn.jpeg,1. Come Together (Remastered 2009) (258s); 2. Something (Remastered 2009) (181s); 3. Maxwell's Silver Hammer (Remastered 2009) (206s); 4. Oh! Darling (Remastered 2009) (207s); 5. Octopus's Garden (Remastered 2009) (169s); 6. I Want You (She's So Heavy) (Remastered 2009) (465s); 7. Here Comes The Sun (Remastered 2009) (184s); 8. Because (Remastered 2009) (165s); 9. You Never Give Me Your Money (Remastered 2009) (242s); 10. Sun King (Remastered 2009) (146s); 11. Mean Mr Mustard (Remastered 2009) (66s); 12. Polythene Pam (Remastered 2009) (72s); 13. She Came In Through The Bathroom Window (Remastered 2009) (117s); 14. Golden Slumbers (Remastered 2009) (91s); 15. Carry That Weight (Remastered 2009) (96s); 16. The End (Remastered 2009) (142s); 17. Her Majesty (Remastered 2009) (25s),12047952.0
9,The Velvet Underground & Nico,The Velvet Underground & Nico,1967-03-12,"Art Rock, Experimental Rock",4.23,45570,929,https://i.discogs.com/-UFQyNSMpz1nGQN2IPXYJ3Wy9wpYsgoyJqeT4BLA5HA/rs:fit/g:sm/q:90/h:601/w:600/czM6Ly9kaXNjb2dz/LWRhdGFiYXNlLWlt/YWdlcy9SLTE5OTk1/NjItMTc0MDI2OTc0/Ni01MzA0LmpwZWc.jpeg,,
10,The Rise and Fall of Ziggy Stardust and the Spiders From Mars,David Bowie,1972-06-16,"Glam Rock, Pop Rock",4.26,39501,721,https://i.discogs.com/9JCin7Zj5m1DG4de-SnowglKx_nDZm1jUEU78Jqrh7s/rs:fit/g:sm/q:90/h:594/w:600/czM6Ly9kaXNjb2dz/LWRhdGFiYXNlLWlt/YWdlcy9SLTgxNjIx/ODgtMTQ1NjY3NjQy/MC0xNjU4LmpwZWc.jpeg,1. Five Years (2012 Remaster) (283s); 2. Soul Love (2012 Remaster) (214s); 3. Moonage Daydream (2012 Remaster) (279s); 4. Starman (2012 Remaster) (254s); 5. It Ain't Easy (2012 Remaster) (177s); 6. Lady Stardust (2012 Remaster) (201s); 7. Star (2012 Remaster) (167s); 8. Hang on to Yourself (2012 Remaster) (159s); 9. Ziggy Stardust (2012 Remaster) (193s); 10. Suffragette City (2012 Remaster) (208s); 11. Rock 'n' Roll Suicide (2012 Remaster) (178s),11205422.0
15,In Rainbows,Radiohead,2007-10-10,"Art Rock, Alternative Rock",4.18,48484,756,https://i.discogs.com/7y0jjFTZp88uBO380fsYcO36I3ex_er3lZn8COq90Vc/rs:fit/g:sm/q:90/h:594/w:600/czM6Ly9kaXNjb2dz/LWRhdGFiYXNlLWlt/YWdlcy9SLTExNzQy/OTYtMTY5NzMyNzQ3/Ny0yMzQ1LmpwZWc.jpeg,1. 15 Step (237s); 2. Bodysnatchers (242s); 3. Nude (255s); 4. Weird Fishes / Arpeggi (318s); 5. All I Need (228s); 6. Faust Arp (129s); 7. Reckoner (290s); 8. House Of Cards (328s); 9. Jigsaw Falling Into Place (248s); 10. Videotape (279s),14880659.0
16,A Love Supreme,John Coltrane,1965-02-01,Spiritual Jazz,4.3,25040,433,https://i.discogs.com/I_NiwY25Aur461sQJg4KR-gj4sP4ENSg69YB92EQ1O8/rs:fit/g:sm/q:90/h:599/w:600/czM6Ly9kaXNjb2dz/LWRhdGFiYXNlLWlt/YWdlcy9SLTI1NjQ1/MzgtMTUxNDU5Njgw/Ni05OTE4LmpwZWc.jpeg,"1. A Love Supreme, Pt. I – Acknowledgement (462s); 2. A Love Supreme, Pt. II - Resolution (437s); 3. A Love Supreme, Pt. III - Pursuance (642s); 4. A Love Supreme, Pt. IV - Psalm (422s)",215745.0
17,"good kid, m.A.A.d city",Kendrick Lamar,2012-10-22,"West Coast Hip Hop, Conscious Hip Hop",4.2,38939,315,https://i.discogs.com/m8eUFdh6Dmu3VIwfNJUNI8Eht0dZfJyB9ycEYgatQdY/rs:fit/g:sm/q:90/h:588/w:600/czM6Ly9kaXNjb2dz/LWRhdGFiYXNlLWlt/YWdlcy9SLTM5NzU5/NTMtMTU3MDQwNDc5/NS01Njk0LmpwZWc.jpeg,"1. Sherane a.k.a Master Splinter’s Daughter (273s); 2. Bitch, Don’t Kill My Vibe (311s); 3. Backseat Freestyle (213s); 4. The Art of Peer Pressure (325s); 5. Money Trees (387s); 6. Poetic Justice (300s); 7. good kid (214s); 8. m.A.A.d city (350s); 9. Swimming Pools (Drank) (Extended Version) (314s); 10. Sing About Me, I'm Dying Of Thirst (724s); 11. Real (443s); 12. Compton (248s); 1. The Recipe (Bonus Track) (353s); 2. Black Boy Fly (Bonus Track) (279s); 3. Now Or Never (Bonus Track) (257s); 4. Bitch, Don’t Kill My Vibe (Remix) (278s)",7203293.0
18,Paranoid,Black Sabbath,1970-09-18,"Heavy Metal, Hard Rock",4.19,35870,582,https://i.discogs.com/IktWj7o-ctHsGt3t-9cvGWCqUhh33G-tVgixfHKA6dA/rs:fit/g:sm/q:90/h:564/w:575/czM6Ly9kaXNjb2dz/LWRhdGFiYXNlLWlt/YWdlcy9SLTY5Njc3/Mi0xMzg5NjIyMTk4/LTU3MzUuanBlZw.jpeg,1. War Pigs / Luke's Wall (2012 - Remaster) (474s); 2. Paranoid (2012 - Remaster) (168s); 3. Planet Caravan (2012 - Remaster) (269s); 4. Iron Man (2012 - Remaster) (355s); 5. Electric Funeral (2012 - Remaster) (289s); 6. Hand of Doom (2012 - Remaster) (428s); 7. Rat Salad (2012 - Remaster) (150s); 8. Jack the Stripper / Fairies Wear Boots (2012 - Remaster) (372s),7308090.0
19,Kind of Blue,Miles Davis,1959-08-17,"Modal Jazz, Cool Jazz",4.23,29907,549,https://i.discogs.com/uctih8PnXxwdSrPfzXP-ZwRTxxhVs_8G2DgDhqQBJaY/rs:fit/g:sm/q:90/h:608/w:600/czM6Ly9kaXNjb2dz/LWRhdGFiYXNlLWlt/YWdlcy9SLTI4MjU0/NTYtMTQzMDc3MDE0/My0xMDU3LmpwZWc.jpeg,"1. So What (feat. John Coltrane, Cannonball Adderley & Bill Evans) (562s); 2. Freddie Freeloader (feat. John Coltrane, Cannonball Adderley, Wynton Kelly & Paul Chambers) (586s); 3. Blue in Green (feat. John Coltrane & Bill Evans) (337s); 4. All Blues (feat. John Coltrane, Cannonball Adderley & Bill Evans) (693s); 5. Flamenco Sketches (feat. John Coltrane, Cannonball Adderley & Bill Evans) (566s); 6. Flamenco Sketches (feat. John Coltrane, Cannonball Adderley & Bill Evans) (Alternate Take) (572s); 7. Freddie Freeloader (Studio Sequence 1) (51s); 8. Freddie Freeloader (False Start) (86s); 9. Freddie Freeloader (Studio Sequence 2) (93s); 10. So What (Studio Sequence 1) (113s); 11. So What (Studio Sequence 2) (11s); 12. Blue in Green (Studio Sequence) (116s); 13. Flamenco Sketches (Studio Sequence 1) (42s); 14. Flamenco Sketches (Studio Sequence 2) (69s); 15. All Blues (Studio Sequence) (18s); 1. On Green Dolphin Street (feat. John Coltrane, Cannonball Adderley & Bill Evans) (588s); 2. Fran-Dance (feat. John Coltrane, Cannonball Adderley & Bill Evans) (347s); 3. Stella By Starlight (feat. John Coltrane & Bill Evans) (283s); 4. Love For Sale (706s); 5. Fran-Dance (alternate take) (350s); 6. So What (Live at Kurhaus, Den Haag, Holland - April 1960) (1048s)",262078.0
20,Pet Sounds,The Beach Boys,1966-05-16,Baroque Pop,4.18,36305,727,https://i.discogs.com/VDbRNf7Cf5uJHQTrimMhIsLRQnr1lh2ytydU9C_98QY/rs:fit/g:sm/q:90/h:600/w:600/czM6Ly9kaXNjb2dz/LWRhdGFiYXNlLWlt/YWdlcy9SLTg2NDU3/MjAtMTUwNTQxMTQ1/My03MTM3LmpwZWc.jpeg,"1. Wouldn't It Be Nice (Mono) (142s); 2. You Still Believe In Me (Mono) (149s); 3. That's Not Me (Mono) (147s); 4. Don't Talk (Put Your Head On My Shoulder) (Mono) (170s); 5. I'm Waiting For The Day (Mono) (183s); 6. Let's Go Away For A While (Mono) (131s); 7. Sloop John B (175s); 8. God Only Knows (Mono) (169s); 9. I Know There's An Answer (Mono) (187s); 10. Here Today (Mono) (172s); 11. I Just Wasn't Made For These Times (Mono) (190s); 12. Pet Sounds (Mono) (140s); 13. Caroline, No (Mono) (173s); 14. Hang On To Your Ego (Mono) (196s); 15. Wouldn't It Be Nice (153s); 16. You Still Believe In Me (154s); 17. That's Not Me (149s); 18. Don't Talk (Put Your Head On My Shoulder) (177s); 19. I'm Waiting For The Day (185s); 20. Let's Go Away For Awhile (145s); 21. Sloop John B (183s); 22. God Only Knows (Remastered 1996) (173s); 23. I Know There's An Answer (196s); 24. Here Today (186s); 25. I Just Wasn't Made For These Times (199s)",300108.0
21,Illmatic,Nas,1994-04-19,"East Coast Hip Hop, Boom Bap, Hardcore Hip Hop",4.2,30886,619,https://i.discogs.com/URbHPCy0MCWHRZDgwx_sC3iOz_9DPt9JQNwlCiBvSG8/rs:fit/g:sm/q:90/h:597/w:600/czM6Ly9kaXNjb2dz/LWRhdGFiYXNlLWlt/YWdlcy9SLTIxOTUx/Ny0xMzk2Mjg0MzQ2/LTczODIuanBlZw.jpeg,1. The Genesis (105s); 2. N.Y. State of Mind (292s); 3. Life's a Bitch (feat. AZ & Olu Dara) (209s); 4. The World Is Yours (290s); 5. Halftime (261s); 6. Memory Lane (Sittin' in da Park) (246s); 7. One Love (feat. Q-Tip) (324s); 8. One Time 4 Your Mind (197s); 9. Represent (253s); 10. It Ain't Hard to Tell (202s),7654077.0
22,Lift Yr. Skinny Fists Like Antennas to Heaven!,Godspeed You Black Emperor!,2000-10-09,Post-Rock,4.17,34973,612,,,
23,In the Aeroplane Over the Sea,Neutral Milk Hotel,1998-02-10,"Indie Folk, Indie Rock",4.09,47979,968,https://i.discogs.com/WoR2D9WPuRKT6IlKYFQjKWOsV_Jiakk2J2zUV5bsyoI/rs:fit/g:sm/q:90/h:609/w:600/czM6Ly9kaXNjb2dz/LWRhdGFiYXNlLWlt/YWdlcy9SLTIxNzM4/MzMtMTY0MDYwNzUx/Mi0zNTAxLmpwZWc.jpeg,"1. King of Carrot Flowers Pt. 1 (120s); 2. King of Carrot Flowers Pts. 2 & 3 (186s); 3. In the Aeroplane Over the Sea (202s); 4. Two-Headed Boy (266s); 5. The Fool (113s); 6. Holland, 1945 (192s); 7. Communist Daughter (117s); 8. Oh Comely (498s); 9. Ghost (248s); 10. [untitled] (136s); 11. Two-Headed Boy Pt. 2 (313s)",1602407.0
24,Sgt. Pepper's Lonely Hearts Club Band,The Beatles,1967-06-01,"Psychedelic Pop, Pop Rock",4.13,43576,863,https://i.discogs.com/JNbAKGFjLM_LrPZVRlNtWlYTgpUwXTZcqbC5okuCP-M/rs:fit/g:sm/q:90/h:590/w:600/czM6Ly9kaXNjb2dz/LWRhdGFiYXNlLWlt/YWdlcy9SLTQ5OTQ5/Ny0xNDU2MDQ3Mzgz/LTk0ODkuanBlZw.jpeg,1. Sgt. Pepper's Lonely Hearts Club Band (Remastered 2009) (122s); 2. With A Little Help From My Friends (Remastered 2009) (164s); 3. Lucy In The Sky With Diamonds (Remastered 2009) (208s); 4. Getting Better (Remastered 2009) (168s); 5. Fixing A Hole (Remastered 2009) (156s); 6. She's Leaving Home (Remastered 2009) (215s); 7. Being For The Benefit Of Mr. Kite! (Remastered 2009) (157s); 8. Within You Without You (Remastered 2009) (304s); 9. When I'm Sixty Four (Remastered 2009) (157s); 10. Lovely Rita (Remastered 2009) (162s); 11. Good Morning Good Morning (Remastered 2009) (161s); 12. Sgt. Pepper's Lonely Hearts Club Band (Reprise / Remastered 2009) (79s); 13. A Day In The Life (Remastered 2009) (337s),12047960.0
25,Enter the Wu-Tang (36 Chambers),Wu-Tang Clan,1993-11-09,"East Coast Hip Hop, Boom Bap, Hardcore Hip Hop",4.19,27579,425,https://i.discogs.com/JVtYto3PpCrhttx7V3aR09GKcOlPw4SE8RYrdxaWPTk/rs:fit/g:sm/q:90/h:600/w:600/czM6Ly9kaXNjb2dz/LWRhdGFiYXNlLWlt/YWdlcy9SLTE1Mzc0/OS0xMTg1MTM0MTM1/LmpwZWc.jpeg,1. Bring Da Ruckus (250s); 2. Shame On a Nigga (177s); 3. Clan In Da Front (273s); 4. Wu-Tang: 7th Chamber (365s); 5. Can It Be All So Simple / Intermission (413s); 6. Da Mystery of Chessboxin' (288s); 7. Wu-Tang Clan Ain't Nuthing ta F' Wit (216s); 8. C.R.E.A.M. (Cash Rules Everything Around Me) (252s); 9. Method Man (350s); 10. Protect Ya Neck (292s); 11. Tearz (257s); 12. Wu-Tang: 7th Chamber - Part II (Conclusion) (370s); 13. Protect Ya Neck (Shao Lin Version) (276s); 14. Method Man (Home Grown Version) (308s); 15. C.R.E.A.M. (Cash Rules Everything Around Me) (A Cappella) (157s),71652.0
26,Red,King Crimson,1974-10-06,"Progressive Rock, Art Rock",4.21,23525,405,https://i.discogs.com/KfyPV_vUXtl3T8Q5cwigrUKAGZ7iOFELGQYoI0cSdjI/rs:fit/g:sm/q:90/h:597/w:600/czM6Ly9kaXNjb2dz/LWRhdGFiYXNlLWlt/YWdlcy9SLTQ3MDM0/MDktMTM3Mjg2NzQ5/Ni02NTQwLmpwZWc.jpeg,1. Red (376s); 2. Fallen Angel (363s); 3. One More Red Nightmare (430s); 4. Providence (490s); 5. Starless (745s); 6. Improv: A Voyage To The Centre Of The Cosmos [Bonus Track] (898s); 7. Improv: Providence (full version) [Bonus Track] (601s); 8. Starless (live in Central Park) [Bonus Track] (723s),78808822.0
27,My Beautiful Dark Twisted Fantasy,Kanye West,2010-11-22,"Pop Rap, Hip Hop",4.07,48415,636,https://i.discogs.com/hFrpXP9sZ-LwVY-onr8HleH6Hg5GRzwm9KfSO0ZbmWA/rs:fit/g:sm/q:90/h:600/w:600/czM6Ly9kaXNjb2dz/LWRhdGFiYXNlLWlt/YWdlcy9SLTI2MDY5/NTItMTUyMTQ2ODE4/MC04NjMwLmpwZWc.jpeg,1. Dark Fantasy (280s); 2. Gorgeous (357s); 3. POWER (292s); 4. All Of The Lights (Interlude) (62s); 5. All Of The Lights (299s); 6. Monster (378s); 7. So Appalled (397s); 8. Devil In A New Dress (351s); 9. Runaway (547s); 10. Hell Of A Life (327s); 11. Blame Game (469s); 12. Lost In The World (256s); 13. Who Will Survive In America (98s),707965.0
28,Pink Moon,Nick Drake,1972-02-25,"Contemporary Folk, Singer/Songwriter",4.18,29572,536,https://i.discogs.com/u3hTaqbdI0CZRJPPa_k7xL3oUtjUP2tsbO7iAvSMnl0/rs:fit/g:sm/q:90/h:600/w:600/czM6Ly9kaXNjb2dz/LWRhdGFiYXNlLWlt/YWdlcy9SLTQzMzA0/NTctMTYzNDY0ODg4/Ni02OTEzLmpwZWc.jpeg,1. Pink Moon (120s); 2. Place To Be (164s); 3. Road (122s); 4. Which Will (179s); 5. Horn (79s); 6. Things Behind The Sun (236s); 7. Know (143s); 8. Parasite (210s); 9. Free Ride (177s); 10. Harvest Breed (98s); 11. From The Morning (145s),231727202.0
29,Spiderland,Slint,1991-03-27,"Post-Rock, Post-Hardcore, Math Rock",4.15,32954,452,https://i.discogs.com/2YtYP92cxQg7zW1VR8RXV8L6jN9fbTkifaIWg20MlzY/rs:fit/g:sm/q:90/h:600/w:600/czM6Ly9kaXNjb2dz/LWRhdGFiYXNlLWlt/YWdlcy9SLTI5MDg3/NDUtMTQ5Mjk2MTEx/My00ODc2LmpwZWc.jpeg,"1. Breadcrumb Trail (Remastered) (354s); 2. Nosferatu Man (Remastered) (334s); 3. Don, Aman (Remastered) (387s); 4. Washer (Remastered) (529s); 5. For Dinner… (Remastered) (305s); 6. Good Morning, Captain (Remastered) (461s); 1. Nosferatu Man (Basement Practice) (425s); 2. Washer (Basement Practice) (288s); 3. Good Morning, Captain (Demo) (454s); 4. Pam (Rough Mix, Spiderland Outtake) (284s); 5. Glenn (Spiderland Outtake) (479s); 6. Todd's Song (Post-Spiderland Song in Progress) (442s); 7. Brian's Song (Post-Spiderland Demo) (357s); 8. Cortez the Killer (Live Chicago 1989) (516s); 9. Washer (4 Track Vocal Demo) (441s); 10. Nosferatu Man (4 Track Vocal Demo) (323s); 11. Pam (4 Track Vocal Demo) (213s); 12. Good Morning, Captain (Evanston Riff Tape) (45s); 13. Nosferatu Man (Evanston Riff Tape) (198s); 14. Pam (Evanston Riff Tape) (279s)",13258113.0
30,Disintegration,The Cure,1989-05-02,"Gothic Rock, Post-Punk",4.17,29436,413,https://i.discogs.com/NTr_iQuWs6ug_jOa-CtUPGAnCQ5l_0gFolhalxKYYpE/rs:fit/g:sm/q:90/h:400/w:400/czM6Ly9kaXNjb2dz/LWRhdGFiYXNlLWlt/YWdlcy9SLTIzMjM4/OTQtMTI3ODg0NTYw/My5qcGVn.jpeg,1. Plainsong (2010 Remaster) (317s); 2. Pictures of You (2010 Remaster) (448s); 3. Closedown (2010 Remaster) (258s); 4. Lovesong (2010 Remaster) (209s); 5. Last Dance (2010 Remaster) (285s); 6. Lullaby (2010 Remaster) (249s); 7. Fascination Street (2010 Remaster) (316s); 8. Prayers for Rain (2010 Remaster) (368s); 9. The Same Deep Water as You (2010 Remaster) (562s); 10. Disintegration (2010 Remaster) (499s); 11. Homesick (2010 Remaster) (427s); 12. Untitled (2010 Remaster) (393s); 1. Prayers for Rain (RS Home Demo Instrumental - 04/88) (181s); 2. Pictures of You (RS Home Demo Instrumental - 04/88) (209s); 3. Fascination Street (RS Home Demo Instrumental - 04/88) (161s); 4. Homesick-06/88) (Band Rehearsal Instrumental) (194s); 5. Fear of Ghosts (Band Rehearsal Instrumental - 06/88) (179s); 6. No Heart (Band Rehearsal Instrumental - 06/88) (161s); 7. Esten (Band Demo Instrumental - 09/88) (194s); 8. Closedown (Band Demo Instrumental - 09/88) (170s); 9. Lovesong-09/88) (Band Demo Instrumental - 09/88) (222s); 10. 2 Late (Alt. Version; Band Demo Instrumental - 09/88) (172s); 11. The Same Deep Water as You (Band Demo Instrumental - 09/88) (365s); 12. Disintegration (Band Demo Instrumental - 09/88) (396s); 13. Untitled (Alt. Version; Studio Rough Instrumental - 11/88) (219s),1347457.0
31,The Beatles [White Album],The Beatles,1968-11-22,"Pop Rock, Rock",4.14,35545,1085,https://i.discogs.com/ZeoF7OFrKZ78lH5qrDAnDvqAzJRWL9pjoVfblM8_sng/rs:fit/g:sm/q:90/h:600/w:600/czM6Ly9kaXNjb2dz/LWRhdGFiYXNlLWlt/YWdlcy9SLTEwOTQ5/Njk4LTE1MDk1OTgy/MTMtMzE3Mi5qcGVn.jpeg,"1. Back In The U.S.S.R. (2018 Mix) (163s); 2. Dear Prudence (2018 Mix) (236s); 3. Glass Onion (2018 Mix) (137s); 4. Ob-La-Di, Ob-La-Da (2018 Mix) (188s); 5. Wild Honey Pie (2018 Mix) (52s); 6. The Continuing Story Of Bungalow Bill (2018 Mix) (194s); 7. While My Guitar Gently Weeps (2018 Mix) (285s); 8. Happiness Is A Warm Gun (2018 Mix) (163s); 9. Martha My Dear (2018 Mix) (148s); 10. I'm So Tired (2018 Mix) (123s); 11. Blackbird (2018 Mix) (138s); 12. Piggies (2018 Mix) (124s); 13. Rocky Raccoon (2018 Mix) (213s); 14. Don't Pass Me By (2018 Mix) (230s); 15. Why Don't We Do It In The Road? (2018 Mix) (100s); 16. I Will (2018 Mix) (104s); 17. Julia (2018 Mix) (176s); 1. Birthday (2018 Mix) (163s); 2. Yer Blues (2018 Mix) (240s); 3. Mother Nature's Son (2018 Mix) (168s); 4. Everybody's Got Something To Hide Except Me And My Monkey (2018 Mix) (145s); 5. Sexy Sadie (2018 Mix) (195s); 6. Helter Skelter (2018 Mix) (269s); 7. Long, Long, Long (2018 Mix) (184s); 8. Revolution 1 (2018 Mix) (256s)",77649352.0
32,Unknown Pleasures,Joy Division,1979-06-15,Post-Punk,4.11,39724,573,https://i.discogs.com/tbxV7AJrDRFyeXBywKzNPABG40Gm7aLqEggPNpQ4it8/rs:fit/g:sm/q:90/h:600/w:600/czM6Ly9kaXNjb2dz/LWRhdGFiYXNlLWlt/YWdlcy9SLTcxMzI0/OTgtMTQ0MDU4OTM2/OC00OTcyLmpwZWc.jpeg,1. Disorder (2019 Digital Master) (212s); 2. Day of the Lords (2019 Digital Master) (289s); 3. Candidate (2019 Digital Master) (185s); 4. Insight (2019 Digital Master) (268s); 5. New Dawn Fades (2019 Digital Master) (288s); 6. She's Lost Control (2019 Digital Master) (237s); 7. Shadowplay (2019 Digital Master) (235s); 8. Wilderness (2019 Digital Master) (158s); 9. Interzone (2019 Digital Master) (136s); 10. I Remember Nothing (2019 Digital Master) (355s),109048922.0
33,Animals,Pink Floyd,1977-01-21,"Progressive Rock, Art Rock",4.13,36462,695,https://i.discogs.com/_hYJ-UiHBq0KtuIlz26o-4Ar82o9589HIFIE5XOXuVU/rs:fit/g:sm/q:90/h:600/w:600/czM6Ly9kaXNjb2dz/LWRhdGFiYXNlLWlt/YWdlcy9SLTM5MTMy/Mi0xNjkxNTYzMjc4/LTYwODAuanBlZw.jpeg,1. Pigs on the Wing 1 (84s); 2. Dogs (1025s); 3. Pigs (Three Different Ones) (685s); 4. Sheep (619s); 5. Pigs on the Wing 2 (86s),12114246.0
34,The Queen Is Dead,The Smiths,1986-06-16,"Jangle Pop, Indie Pop",4.12,35400,530,https://i.discogs.com/tES_ir6ftD7GYLtTFcJerNPoVzoMLzbThUL06UbgMqA/rs:fit/g:sm/q:90/h:587/w:600/czM6Ly9kaXNjb2dz/LWRhdGFiYXNlLWlt/YWdlcy9SLTM1NjQ2/NTYtMTU5ODMwNTg0/Ny0xMDQ3LmpwZWc.jpeg,"1. The Queen Is Dead (2011 Remaster) (387s); 2. Frankly, Mr. Shankly (2011 Remaster) (138s); 3. I Know It's Over (2011 Remaster) (349s); 4. Never Had No One Ever (2011 Remaster) (218s); 5. Cemetry Gates (2011 Remaster) (161s); 6. Bigmouth Strikes Again (2011 Remaster) (193s); 7. The Boy with the Thorn in His Side (2011 Remaster) (196s); 8. Vicar in a Tutu (2011 Remaster) (144s); 9. There Is a Light That Never Goes Out (2011 Remaster) (244s); 10. Some Girls Are Bigger Than Others (2011 Remaster) (197s)",1261474.0
35,Highway 61 Revisited,Bob Dylan,1965-08-30,"Folk Rock, Singer/Songwriter",4.17,26338,604,https://i.discogs.com/WDXI1oI7pHvE9yql9vx-xyic5miAhSQyiQfVtQ-Mtzw/rs:fit/g:sm/q:90/h:600/w:600/czM6Ly9kaXNjb2dz/LWRhdGFiYXNlLWlt/YWdlcy9SLTc3NjQ3/MDgtMTQ3Mjk0NTMx/MS00MTI0LmpwZWc.jpeg,"1. Like a Rolling Stone (369s); 2. Tombstone Blues (355s); 3. It Takes a Lot to Laugh, It Takes a Train to Cry (244s); 4. From a Buick 6 (195s); 5. Ballad of a Thin Man (356s); 6. Queen Jane Approximately (327s); 7. Highway 61 Revisited (205s); 8. Just Like Tom Thumb's Blues (327s); 9. Desolation Row (680s)",1329897.0
36,Doolittle,Pixies,1989-04-17,"Alternative Rock, Indie Rock",4.12,34101,548,https://i.discogs.com/RSJ9fGVQs5lHWlkS1-cKEtBAAhR5inqKNZnPkWwspdo/rs:fit/g:sm/q:90/h:600/w:600/czM6Ly9kaXNjb2dz/LWRhdGFiYXNlLWlt/YWdlcy9SLTI0NDk1/NDYtMTQ4NTYxNDY3/OS02NTkxLmpwZWc.jpeg,1. Debaser (171s); 2. Tame (116s); 3. Wave Of Mutilation (123s); 4. I Bleed (154s); 5. Here Comes Your Man (201s); 6. Dead (141s); 7. Monkey Gone to Heaven (175s); 8. Mr. Grieves (125s); 9. Crackity Jones (84s); 10. La La Love You (163s); 11. No 13 Baby (231s); 12. There Goes My Gun (109s); 13. Hey (210s); 14. Silver (145s); 15. Gouge Away (162s),106387.0
37,Led Zeppelin [IV],Led Zeppelin,1971-11-08,Hard Rock,4.1,35024,873,https://i.discogs.com/yFq3X0xZMxIVHIFgmbrsPvJHXLJCfVLWs60AL4XS4bs/rs:fit/g:sm/q:90/h:598/w:600/czM6Ly9kaXNjb2dz/LWRhdGFiYXNlLWlt/YWdlcy9SLTEwMTU0/NjUtMTM2NjMxMTg2/Ny0yNzg1LmpwZWc.jpeg,1. Black Dog (Remaster) (295s); 2. Rock and Roll (Remaster) (220s); 3. The Battle of Evermore (Remaster) (351s); 4. Stairway to Heaven (Remaster) (482s); 5. Misty Mountain Hop (Remaster) (278s); 6. Four Sticks (Remaster) (285s); 7. Going to California (Remaster) (212s); 8. When the Levee Breaks (Remaster) (428s),11591214.0
38,In a Silent Way,Miles Davis,1969-07-30,"Jazz Fusion, Modal Jazz",4.21,17084,282,https://i.discogs.com/F9TCXKeys7DtwUdLuUDGNKYvKSAS-BjpkT1w8gMwYQo/rs:fit/g:sm/q:90/h:600/w:600/czM6Ly9kaXNjb2dz/LWRhdGFiYXNlLWlt/YWdlcy9SLTY1NDEx/OS0xMzQ1MDU1MDUz/LTg0MTEuanBlZw.jpeg,1. Mademoiselle Mabry (New Mix) (993s); 2. Frelon Brun (New Mix) (337s); 3. Two Faced (New Mix) (1081s); 4. Dual Mr. Anthony Tillmon Williams Process (New Mix) (800s); 5. Splash (New Mix) (605s); 6. Splashdown (New Mix) (482s); 1. Ascent (New Mix) (892s); 2. Directions I (New Mix) (409s); 3. Directions II (New Mix) (292s); 4. Shhh/Peaceful (New Mix) (1155s); 5. In A Silent Way (Rehearsal New Mix) (324s); 6. In A Silent Way (New Mix) (255s); 7. It's About That Time (New Mix) (687s); 1. The Ghetto Walk (New Mix) (1606s); 2. Early Minor (New Mix) (416s); 3. Shhh/Peaceful (New Mix) (1095s); 4. In A Silent Way (New Mix) (1192s),76054.0
39,Low,David Bowie,1977-01-14,Art Rock,4.12,29055,518,https://i.discogs.com/U3pqMqj3_qkfW3A7TSy0MJCOfaPuERLdNEWjjxgFjRs/rs:fit/g:sm/q:90/h:600/w:600/czM6Ly9kaXNjb2dz/LWRhdGFiYXNlLWlt/YWdlcy9SLTIxNjE2/Ni0xMjc1NjI1NjQ5/LmpwZWc.jpeg,1. Speed of Life (2017 Remaster) (167s); 2. Breaking Glass (2017 Remaster) (112s); 3. What in the World (2017 Remaster) (144s); 4. Sound and Vision (2017 Remaster) (184s); 5. Always Crashing in the Same Car (2017 Remaster) (215s); 6. Be My Wife (2017 Remaster) (176s); 7. A New Career in a New Town (2017 Remaster) (175s); 8. Warszawa (2017 Remaster) (387s); 9. Art Decade (2017 Remaster) (228s); 10. Weeping Wall (2017 Remaster) (209s); 11. Subterraneans (2017 Remaster) (337s),56889282.0
40,Long Season,Fishmans,1996-10-25,"Dream Pop, Neo-Psychedelia, Progressive Pop, Space Rock",4.17,20769,151,https://i.discogs.com/s_Fq8roLffQav67FxRB9IBrIpSy1zr72tDrXB6ufeJk/rs:fit/g:sm/q:90/h:600/w:600/czM6Ly9kaXNjb2dz/LWRhdGFiYXNlLWlt/YWdlcy9SLTg1NjIw/MzgtMTcwNDk5Mzk5/MS01NTMyLmpwZWc.jpeg,1. Long Season (2116s),69856482.0
41,Marquee Moon,Television,1977-02-08,"Art Punk, Post-Punk, Art Rock",4.13,25789,391,https://i.discogs.com/ewwJnvHAYUccDeIfOwf9rxxKLrVku75bP2IqL8pKqeY/rs:fit/g:sm/q:90/h:600/w:600/czM6Ly9kaXNjb2dz/LWRhdGFiYXNlLWlt/YWdlcy9SLTQwNjU4/OTMtMTYzOTc2Mjg5/OC04MzE0LmpwZWc.jpeg,1. See No Evil (232s); 2. Venus (229s); 3. Friction (283s); 4. Marquee Moon (638s); 5. Elevation (305s); 6. Guiding Light (332s); 7. Prove It (300s); 8. Torn Curtain (416s),85859.0
42,Dummy,Portishead,1994-08-22,Trip Hop,4.11,30000,398,https://i.discogs.com/vyuAukFSBVhIco19ULBj2jq08Lr4rVoHiAYIeWaF_zc/rs:fit/g:sm/q:90/h:601/w:600/czM6Ly9kaXNjb2dz/LWRhdGFiYXNlLWlt/YWdlcy9SLTEwMTQ3/OTg2LTE3MzQxMDg2/OTItNTIzOC5qcGVn.jpeg,1. Mysterons (302s); 2. Sour Times (251s); 3. Strangers (235s); 4. It Could Be Sweet (255s); 5. Wandering Star (291s); 6. It's A Fire (225s); 7. Numb (235s); 8. Roads (303s); 9. Pedestal (217s); 10. Biscuit (301s); 11. Glory Box (306s),109301.0
43,Hounds of Love,Kate Bush,1985-09-16,"Art Pop, Progressive Pop",4.15,22774,266,https://i.discogs.com/DUcflD1Qg5ukeRgW1jwOkZ4HkB59Cc6qEl2uBh81gxY/rs:fit/g:sm/q:90/h:597/w:600/czM6Ly9kaXNjb2dz/LWRhdGFiYXNlLWlt/YWdlcy9SLTE5NzE2/My0xNDc1NTkwOTMy/LTY0MTEuanBlZw.jpeg,1. Running Up That Hill (A Deal With God) (298s); 2. Hounds Of Love (183s); 3. The Big Sky (Special Single Mix) (278s); 4. Mother Stands For Comfort (188s); 5. Cloudbusting (310s); 6. And Dream Of Sheep (165s); 7. Under Ice (141s); 8. Waking The Witch (258s); 9. Watching You Without Me (247s); 10. Jig Of Life (244s); 11. Hello Earth (373s); 12. The Morning Fog (157s),413452427.0
44,Blonde on Blonde,Bob Dylan,1966-06-20,"Folk Rock, Singer/Songwriter",4.15,22207,457,https://i.discogs.com/94etNC31PRI2Y48s2soarp3Kjclut__0hGwJtd1F1CA/rs:fit/g:sm/q:90/h:602/w:600/czM6Ly9kaXNjb2dz/LWRhdGFiYXNlLWlt/YWdlcy9SLTE0MzE2/MDEtMTM4NzE0MTM4/MC04MDg1LmpwZWc.jpeg,1. Rainy Day Women #12 & 35 (274s); 2. Pledging My Time (228s); 3. Visions of Johanna (451s); 4. One of Us Must Know (Sooner or Later) (292s); 5. I Want You (185s); 6. Stuck Inside of Mobile with the Memphis Blues Again (424s); 7. Leopard-Skin Pill-Box Hat (237s); 8. Just Like a Woman (290s); 9. Most Likely You Go Your Way (And I'll Go Mine) (207s); 10. Temporary Like Achilles (300s); 11. Absolutely Sweet Marie (294s); 12. Fourth Time Around (273s); 13. Obviously Five Believers (213s); 14. Sad-Eyed Lady of the Lowlands (679s),1400030.0
45,F♯A♯∞,Godspeed You Black Emperor!,1997-08-14,Post-Rock,4.12,26700,361,BrightByteLogo.png,,
46,The Doors,The Doors,1967-01-04,Psychedelic Rock,4.09,30746,563,https://i.discogs.com/RgwvEQj9d-c-ZZwTTQd_51liBGDGx-1Mwi4slUyacI0/rs:fit/g:sm/q:90/h:600/w:600/czM6Ly9kaXNjb2dz/LWRhdGFiYXNlLWlt/YWdlcy9SLTI1NDg5/MzItMTUyNTM3Mjcz/NC01MzAxLmpwZWc.jpeg,"1. Break on Through (To the Other Side) (New Stereo Mix) (146s); 2. Strange Days (New Stereo Mix) (188s); 3. Alabama Song (Whisky Bar) (195s); 4. Love Me Two Times (New Stereo Mix) (195s); 5. Light My Fire (New Stereo Mix) (418s); 6. Spanish Caravan (New Stereo Mix) (182s); 7. The Crystal Ship (New Stereo Mix) (153s); 8. The Unknown Soldier (New Stereo Mix) (206s); 9. The End (New Stereo Mix) (699s); 10. People Are Strange (New Stereo Mix) (130s); 11. Back Door Man (New Stereo Mix) (211s); 12. Moonlight Drive (New Stereo Mix) (182s); 13. End of the Night (New Stereo Mix) (169s); 14. Five to One (New Stereo Mix) (273s); 15. When the Music's Over (New Stereo Mix) (668s); 16. Twentieth Century Fox (New Stereo Mix) (152s); 17. Love Her Madly (New Stereo Mix) (218s); 18. Riders on the Storm (New Stereo Mix) (427s); 19. My Eyes Have Seen You (New Stereo Mix) (151s); 20. Tell All the People (New Stereo Mix) (201s); 21. Hello, I Love You (New Stereo Mix) (160s); 22. The WASP (Texas Radio and the Big Beat) (New Stereo Mix) (253s); 23. Not to Touch the Earth (New Stereo Mix) (240s); 24. Soul Kitchen (New Stereo Mix; Advanced Resolution) (211s); 25. Peace Frog (New Stereo Mix) (176s)",340853.0
47,Endtroducing.....,DJ Shadow,1996-11-19,"Instrumental Hip Hop, Experimental Hip Hop, Plunderphonics",4.11,26775,410,https://i.discogs.com/7NmJ4o5-US6z-jYOOLy9uxCKY_-68ZfWncM4BZOmxM4/rs:fit/g:sm/q:90/h:594/w:600/czM6Ly9kaXNjb2dz/LWRhdGFiYXNlLWlt/YWdlcy9SLTU5MTI1/LTE1OTYxMzQzNzUt/Mzc3MS5qcGVn.jpeg,"1. Best Foot Forward (46s); 2. Building Steam With A Grain Of Salt (399s); 3. The Number Song (274s); 4. Changeling (436s); 5. Transmission 1 (35s); 6. What Does Your Soul Look Like , Pt. 4 (302s); 7. Untitled (24s); 8. Stem / Long Stem (Medley) (467s); 9. Transmission 2 (89s); 10. Mutual Slump (240s); 11. Organ Donor (117s); 12. Why Hip-Hop Sucks In '96 (43s); 13. Midnight In A Perfect World (298s); 14. Napalm Brain / Scatter Brain (Medley) (561s); 15. What Does Your Soul Look Like, Pt. 1 (Blue Sky Revisit) (377s); 16. Transmission 3 (70s)",388025577.0
48,Bitches Brew,Miles Davis,1970-03-30,"Jazz Fusion, Avant-Garde Jazz",4.16,19070,321,https://i.discogs.com/F87qkFeQhNMAJdCEL5iipmmEk_yU2609NShVzWN5zN8/rs:fit/g:sm/q:90/h:609/w:600/czM6Ly9kaXNjb2dz/LWRhdGFiYXNlLWlt/YWdlcy9SLTM3MDA2/LTEzOTM0ODQyNDkt/MjIxNS5qcGVn.jpeg,"1. Pharaoh's Dance (1205s); 2. Bitches Brew (feat. Wayne Shorter, Bennie Maupin, John McLaughlin, Chick Corea, Joe Zawinul, Dave Holland & Harvey Brooks) (1618s); 1. Spanish Key (feat. Wayne Shorter, Bennie Maupin, John McLaughlin, Chick Corea, Joe Zawinul, Dave Holland & Harvey Brooks) (1052s); 2. John McLaughlin (feat. Wayne Shorter, Bennie Maupin, John McLaughlin, Chick Corea, Joe Zawinul, Dave Holland & Harvey Brooks) (262s); 3. Miles Runs the Voodoo Down (feat. Wayne Shorter, Bennie Maupin, John McLaughlin, Chick Corea, Joe Zawinul, Dave Holland & Harvey B (842s); 4. Sanctuary (feat. Wayne Shorter, Bennie Maupin, John McLaughlin, Chick Corea, Joe Zawinul, Dave Holland & Harvey Brooks) (657s); 5. Feio (feat. Wayne Shorter, John McLaughlin, Chick Corea, Joe Zawinul & Dave Holland) (709s)",645702.0
49,Blood on the Tracks,Bob Dylan,1975-01-20,"Singer/Songwriter, Folk Rock",4.16,19324,425,https://i.discogs.com/Aq5gLIL8zUSEBQpOiutdVfApi41taYrIU5DYAcUmMZI/rs:fit/g:sm/q:90/h:600/w:600/czM6Ly9kaXNjb2dz/LWRhdGFiYXNlLWlt/YWdlcy9SLTIzMDY5/NDEtMTMzNzQzMzg5/MS01MTc2LmpwZWc.jpeg,"1. Tangled up in Blue (342s); 2. Simple Twist of Fate (257s); 3. You're a Big Girl Now (271s); 4. Idiot Wind (469s); 5. You're Gonna Make Me Lonesome When You Go (173s); 6. Meet Me in the Morning (261s); 7. Lily, Rosemary and the Jack of Hearts (531s); 8. If You See Her, Say Hello (289s); 9. Shelter from the Storm (302s); 10. Buckets of Rain (204s)",1399868.0
50,Close to the Edge,Yes,1972-09-08,"Symphonic Prog, Progressive Rock",4.13,21728,454,https://i.discogs.com/4dBYKyzUQ6aA0VfPHNK06SfjhcAv6RqEYez-WAPGkOg/rs:fit/g:sm/q:90/h:600/w:600/czM6Ly9kaXNjb2dz/LWRhdGFiYXNlLWlt/YWdlcy9SLTQzMTAw/NS0xMzY2NjYzNDk4/LTQyMDkuanBlZw.jpeg,"1. Close to the Edge (i. The Solid Time of Change, ii. Total Mass Retain, iii. I Get up I Get Down, iv. Seasons of Man) (2003 Remaster) (1121s); 2. And You and I (2003 Remaster) (607s); 3. Siberian Khatru (2003 Remaster) (534s); 4. America (2003 Remaster) (249s); 5. Total Mass Retain (2003 Remaster) (198s); 6. And You and I (Alternate Version) (615s); 7. Siberia (Studio Run-Through of Siberian Khatru) (559s)",82944.0
51,Souvlaki,Slowdive,1993-06-01,"Dream Pop, Shoegaze",4.09,28685,297,https://i.discogs.com/FMy3IrKVVC-PN9TeWz23u500lmHTXOWioO-2aDaGg1w/rs:fit/g:sm/q:90/h:600/w:600/czM6Ly9kaXNjb2dz/LWRhdGFiYXNlLWlt/YWdlcy9SLTMwMjAw/MjgtMTM5NDU2ODQy/MC01MzMwLmpwZWc.jpeg,1. Alison (230s); 2. Machine Gun (262s); 3. 40 Days (191s); 4. Sing (288s); 5. Here She Comes (137s); 6. Souvlaki Space Station (356s); 7. When the Sun Hits (282s); 8. Altogether (220s); 9. Melon Yellow (229s); 10. Dagger (218s),224401.0
52,Master of Reality,Black Sabbath,1971-07-21,Heavy Metal,4.12,24271,446,https://i.discogs.com/rR0i5yvI5ticjbJtydcL_xlGku8dFLcZHETE31XPyAw/rs:fit/g:sm/q:90/h:600/w:597/czM6Ly9kaXNjb2dz/LWRhdGFiYXNlLWlt/YWdlcy9SLTU5MDc3/My0xMzMwNTY4MTU2/LmpwZWc.jpeg,1. Sweet Leaf (2014 Remaster) (304s); 2. After Forever (2014 Remaster) (326s); 3. Embryo (2014 Remaster) (28s); 4. Children of the Grave (2014 Remaster) (317s); 5. Orchid (2014 Remaster) (90s); 6. Lord of This World (2014 Remaster) (325s); 7. Solitude (2014 Remaster) (301s); 8. Into the Void (2014 Remaster) (370s),7308099.0
53,Vespertine,Björk,2001-08-27,"Art Pop, Electronic",4.13,23181,261,https://i.discogs.com/ybShQMk-NUhzeRLhM7hX_7hvPxuyrVOdU8CyXItwlMU/rs:fit/g:sm/q:90/h:600/w:600/czM6Ly9kaXNjb2dz/LWRhdGFiYXNlLWlt/YWdlcy9SLTY3NDM0/MjktMTQ1OTk0MDQ3/Ny0xMDQ1LmpwZWc.jpeg,1. Hidden Place (328s); 2. Cocoon (268s); 3. It's Not up to You (308s); 4. Undo (338s); 5. Pagan Poetry (314s); 6. Frosti (101s); 7. Aurora (279s); 8. An Echo a Stain (244s); 9. Sun in My Mouth (160s); 10. Heirloom (312s); 11. Harm of Will (276s); 12. Unison (405s),1345731.0
54,Closer,Joy Division,1980-07-18,Post-Punk,4.09,28898,558,https://i.discogs.com/8po40WH3m-4TGoKrTQlj2QuT3_1hm7wCQQQkRLMJQUs/rs:fit/g:sm/q:90/h:600/w:600/czM6Ly9kaXNjb2dz/LWRhdGFiYXNlLWlt/YWdlcy9SLTgxNjky/LTE1Mzg5OTI1MzEt/NzU1MS5qcGVn.jpeg,"1. Atrocity Exhibition (2007 Remaster) (364s); 2. Isolation (2007 Remaster) (175s); 3. Passover (2007 Remaster) (285s); 4. Colony (2007 Remaster) (235s); 5. A Means to an End (2007 Remaster) (249s); 6. Heart and Soul (2007 Remaster) (353s); 7. Twenty Four Hours (2007 Remaster) (268s); 8. The Eternal (2007 Remaster) (364s); 9. Decades (2007 Remaster) (374s); 10. Dead Souls (Live at Live 8, University of London Union) (298s); 11. Glass (Live at Live 8, University of London Union) (222s); 12. A Means to an End (Live at Live 8, University of London Union) (240s); 13. Twenty Four Hours (Live at Live 8, University of London Union) (245s); 14. Passover (Live at Live 8, University of London Union) (293s); 15. Insight (Live at Live 8, University of London Union) (241s); 16. Colony (Live at Live 8, University of London Union) (244s); 17. These Days (Live at Live 8, University of London Union) (257s); 18. Love Will Tear Us Apart (Live at Live 8, University of London Union) (193s); 19. Isolation (Live at Live 8, University of London Union) (281s); 20. The Eternal (Encore) (Live at Live 8, University of London Union) (390s); 21. Digital (Live at Live 8, University of London Union; Encore) (194s)",86907.0
55,The Low End Theory,A Tribe Called Quest,1991-09-24,"Jazz Rap, East Coast Hip Hop, Conscious Hip Hop",4.12,24090,290,https://i.discogs.com/DpgfGsnv80b9T_afDjWYiadeeMft7zzTlTrcuyJ41mM/rs:fit/g:sm/q:90/h:590/w:600/czM6Ly9kaXNjb2dz/LWRhdGFiYXNlLWlt/YWdlcy9SLTM5MDQx/MS0xNDMzMDA1Mzc0/LTMzODkuanBlZw.jpeg,"1. Excursions (233s); 2. Buggin' Out (218s); 3. Rap Promoter (133s); 4. Butter (219s); 5. Verses from the Abstract (feat. Vinia Mojica & Ron Carter) (239s); 6. Show Business (feat. Diamond D, Lord Jamar & Sadat X) (233s); 7. Vibes and Stuff (258s); 8. Infamous Date Rape (174s); 9. Check the Rhime (216s); 10. Everything Is Fair (179s); 11. Jazz (We've Got) (249s); 12. Skypager (133s); 13. What? (149s); 14. Scenario (feat. Busta Rhymes, Dinco D & Charlie Brown) (LP Mix) (250s)",242316.0
56,The Glow Pt. 2,The Microphones,2001-09-11,"Indie Folk, Psychedelic Folk, Lo-Fi / Slacker Rock",4.11,23997,275,https://i.discogs.com/fP1pE4EH-0dakYQOrzaeXLlbVY0m8bGWL7SRGX0zo9M/rs:fit/g:sm/q:90/h:600/w:600/czM6Ly9kaXNjb2dz/LWRhdGFiYXNlLWlt/YWdlcy9SLTQ3MTY4/MzYtMTYwOTQ3NDU0/OC04NDA4LmpwZWc.jpeg,"1. I Want Wind to Blow (332s); 2. The Glow, Pt. 2 (298s); 3. The Moon (316s); 4. Headless Horseman (188s); 5. My Roots Are Strong and Deep (113s); 6. Instrumental (98s); 7. The Mansion (232s); 8. (Something) (98s); 9. (Something) - 1 (162s); 10. I'll Not Contain You (170s); 11. The Gleam, Pt. 2 (117s); 12. Map (300s); 13. You'll Be in the Air (161s); 14. I Want to Be Cold (101s); 15. I Am Bored (96s); 16. I Felt My Size (144s); 17. Instrumental - 2 (112s); 18. I Felt Your Shape (114s); 19. Samurai Sword (247s); 20. My Warm Blood (568s)",6120834.0
57,Are You Experienced,The Jimi Hendrix Experience,1967-05-12,"Blues Rock, Psychedelic Rock, Acid Rock",4.12,23265,512,https://i.discogs.com/2RjtnKmDEIJLK6idih_zTYkgiLFiW4VlrBDDh9w1snI/rs:fit/g:sm/q:90/h:597/w:600/czM6Ly9kaXNjb2dz/LWRhdGFiYXNlLWlt/YWdlcy9SLTE0MzUz/ODQtMTczMDIyODY0/NS04NTk1LmpwZWc.jpeg,,
58,Electric Ladyland,The Jimi Hendrix Experience,1968-10-25,"Blues Rock, Psychedelic Rock, Acid Rock",4.14,19551,435,https://i.discogs.com/q2MiePIJn20pTfIO87jBFG--zvyFq41vGN1IOub6IDw/rs:fit/g:sm/q:90/h:610/w:600/czM6Ly9kaXNjb2dz/LWRhdGFiYXNlLWlt/YWdlcy9SLTQ2NzY5/MjMtMTUyMjUyNzk2/Ny02MDYzLmpwZWc.jpeg,,
59,Songs in the Key of Life,Stevie Wonder,1976-09-28,Soul,4.18,12151,242,https://i.discogs.com/cmalBxXo_YdO90ufVWF7sBjqvA6H4dkbTagkhkMbSZk/rs:fit/g:sm/q:90/h:601/w:600/czM6Ly9kaXNjb2dz/LWRhdGFiYXNlLWlt/YWdlcy9SLTI2NjY1/MC0xNDkxMDEwNTM4/LTcyNzUuanBlZw.jpeg,1. Love's In Need Of Love Today (425s); 2. Have A Talk With God (162s); 3. Village Ghetto Land (205s); 4. Contusion (225s); 5. Sir Duke (233s); 6. I Wish (253s); 7. Knocks Me Off My Feet (217s); 8. Pastime Paradise (209s); 9. Summer Soft (254s); 10. Ordinary Pain (383s); 1. Isn't She Lovely (396s); 2. Joy Inside My Tears (389s); 3. Black Man (509s); 4. Ngiculela-Es Una Historia-I Am Singing (229s); 5. If It's Magic (192s); 6. As (429s); 7. Another Star (502s); 8. Saturn (293s); 9. Ebony Eyes (248s); 10. All Day Sucker (305s); 11. Easy Goin' Evening (My Mama's Call) (236s),96001912.0
60,Atrocity Exhibition,Danny Brown,2016-09-30,"Experimental Hip Hop, Hardcore Hip Hop",4.08,25353,193,https://i.discogs.com/xq4iyA7wPct2c5KWH_jRVL6IoWo6LU7rH6izXqSQdMQ/rs:fit/g:sm/q:90/h:591/w:600/czM6Ly9kaXNjb2dz/LWRhdGFiYXNlLWlt/YWdlcy9SLTkyNDgx/MzYtMTYyMzI3MTQw/OS05Mzk5LmpwZWc.jpeg,1. Downward Spiral (172s); 2. Tell Me What I Don't Know (151s); 3. Rolling Stone (227s); 4. Really Doe (319s); 5. Lost (127s); 6. Ain't it Funny (177s); 7. Golddust (144s); 8. White Lines (143s); 9. Pneumonia (219s); 10. Dance In The Water (157s); 11. From The Ground (138s); 12. When It Rain (195s); 13. Today (187s); 14. Get Hi (213s); 15. Hell For It (229s),13868756.0
61,Songs of Leonard Cohen,Leonard Cohen,1967-12-27,"Contemporary Folk, Singer/Songwriter",4.14,17166,289,https://i.discogs.com/eSW2PLZDQJeQ6xlGSJs1f4q2B-ZxTc3maffyErivjSM/rs:fit/g:sm/q:90/h:600/w:600/czM6Ly9kaXNjb2dz/LWRhdGFiYXNlLWlt/YWdlcy9SLTExMjgy/NjEtMTI3MjEyNDc3/My5qcGVn.jpeg,"1. Suzanne (229s); 2. Master Song (358s); 3. Winter Lady (137s); 4. The Stranger Song (307s); 5. Sisters of Mercy (215s); 6. So Long, Marianne (340s); 7. Hey, That's No Way to Say Goodbye (176s); 8. Stories of the Street (277s); 9. Teachers (182s); 10. One of Us Cannot Be Wrong (269s)",6934605.0
62,The Money Store,Death Grips,2012-04-24,"Industrial Hip Hop, Hardcore Hip Hop, Experimental Hip Hop",4.02,36403,311,https://i.discogs.com/x_hvcGrhKVJtIawm6sZcvSyXZDKktmpZUxwmvVCj6Sc/rs:fit/g:sm/q:90/h:596/w:600/czM6Ly9kaXNjb2dz/LWRhdGFiYXNlLWlt/YWdlcy9SLTM1NTU3/ODQtMTcxMzI3ODc3/NC0zNDkyLmpwZWc.jpeg,1. Get Got (171s); 2. The Fever (Aye Aye) (190s); 3. Lost Boys (186s); 4. Blackjack (142s); 5. Hustle Bones (192s); 6. I've Seen Footage (203s); 7. Double Helix (160s); 8. System Blower (232s); 9. The Cage (211s); 10. Punk Weight (204s); 11. Fuck That (145s); 12. Bitch Please (179s); 13. Hacker (276s),1678780.0
63,Illinois,Sufjan Stevens,2005-07-05,"Chamber Pop, Singer/Songwriter",4.07,27355,403,https://i.discogs.com/7GwjOgZNYChdF2LfYn5nUFeX4km_zUEo8ECW2TsvMz4/rs:fit/g:sm/q:90/h:603/w:600/czM6Ly9kaXNjb2dz/LWRhdGFiYXNlLWlt/YWdlcy9SLTY0OTA0/Mi0xNTg2MDQ4NDA1/LTYzNzkuanBlZw.jpeg,"1. Concerning the UFO sighting near Highland, Illinois (129s); 2. The Black Hawk War, Or, How to Demolish an Entire Civilization and Still Feel Good About Yourself In the Morning, Or, We Apologize (134s); 3. Come On! Feel the Illinoise! Part I: The World's Columbian Exposition Part II: Carl Sandburg Visits Me In A Dream (405s); 4. John Wayne Gacy, Jr. (199s); 5. Jacksonville (324s); 6. A short reprise for Mary Todd, who went insane, but for very good reasons (47s); 7. Decatur, or, Round of Applause for Your Step-Mother! (183s); 8. One last ""Whoo-hoo!"" for the Pullman (6s); 9. Chicago (364s); 10. Casimir Pulaski Day (353s); 11. To The Workers of The Rock River Valley Region, I have an idea concerning your predicament, and it involves an inner tube, bath ma (100s); 12. The Man of Metropolis Steals Our Hearts (377s); 13. Prairie Fire That Wanders About (131s); 14. A conjunction of drones simulating the way in which Sufjan Stevens has an existential crisis in the Great Godfrey Maze (19s); 15. The Predatory Wasp of the Palisades Is Out to Get Us! (323s); 16. They Are Night Zombies!! They Are Neighbors!! They Have Come Back From the Dead!! Ahhhh! (309s); 17. Let's hear that string part again, because I don't think they heard it all the way out in Bushnell (40s); 18. In This Temple As in The Hearts of Man For Whom He Saved The Earth (35s); 19. The Seer's Tower (234s); 20. The Tallest Man, the Broadest Shoulders Part I: The Great Frontier Part II: Come to Me Only With Playthings Now (423s); 21. Riffs and Variations on a single note for Jelly Roll, Earl Hines, Louis Armstrong, Baby Dodds, and the King of Swing, to name a fe (46s); 22. Out of Egypt, into the Great Laugh of Mankind, and I shake the dirt from my sandals as I run (261s)",6158892.0
64,Homogenic,Björk,1997-09-22,"Art Pop, Electronic",4.07,27655,310,https://i.discogs.com/RRWB8wK6UGBNcOEIY-jAoW2MCAtItp3DNvA635FPFJQ/rs:fit/g:sm/q:90/h:600/w:600/czM6Ly9kaXNjb2dz/LWRhdGFiYXNlLWlt/YWdlcy9SLTc0MjYz/LTE0OTcyMTQ5MTgt/OTM1Mi5qcGVn.jpeg,1. Hunter (253s); 2. Joga (305s); 3. Unravel (197s); 4. Bachelorette (Family Tree Version) (316s); 5. All Neon Like (352s); 6. 5 Years (269s); 7. Immature (186s); 8. Alarm Call (259s); 9. Pluto (199s); 10. All Is Full of Love (272s),400582.0
65,Soundtracks for the Blind,Swans,1996-10-22,"Experimental Rock, Post-Rock, Experimental",4.11,17440,220,https://i.discogs.com/dpekFEHZCpLzj9MydI7VtEbTH0pK3MRrTpcaJH7l9jo/rs:fit/g:sm/q:90/h:593/w:600/czM6Ly9kaXNjb2dz/LWRhdGFiYXNlLWlt/YWdlcy9SLTg4NjM1/Mi0xMjE0Mzg2NjYz/LmpwZWc.jpeg,,
66,Either / Or,Elliott Smith,1997-02-25,"Singer/Songwriter, Indie Folk",4.1,22173,275,https://i.discogs.com/oau0SLGJgxkyPuoFQa49YtqJe7c3SmNirax40X9caX4/rs:fit/g:sm/q:90/h:500/w:500/czM6Ly9kaXNjb2dz/LWRhdGFiYXNlLWlt/YWdlcy9SLTQzMDE5/MjgtMTM2NjUxMTgz/OS01NDM2LmpwZWc.jpeg,1. Speed Trials (181s); 2. Alameda (223s); 3. Ballad Of Big Nothing (168s); 4. Between the Bars (141s); 5. Pictures Of Me (227s); 6. No Name No. 5 (223s); 7. Rose Parade (208s); 8. Punch And Judy (146s); 9. Angeles (177s); 10. Cupids Trick (185s); 11. 2:45 AM (199s); 12. Say Yes (139s),2908271.0
67,Laughing Stock,Talk Talk,1991-11-19,Post-Rock,4.11,18467,287,https://i.discogs.com/LXW4Hd4dtt3TQKUD_Lvr4cZFeA-BlyKngQ4TFjWK5fY/rs:fit/g:sm/q:90/h:604/w:600/czM6Ly9kaXNjb2dz/LWRhdGFiYXNlLWlt/YWdlcy9SLTg1NzQ4/NTktMTY2MzgzMzk2/NS04OTMxLmpwZWc.jpeg,1. Myrrhman (332s); 2. Ascension Day (359s); 3. After The Flood (578s); 4. Taphead (459s); 5. New Grass (580s); 6. Runeii (297s),88690202.0
68,The College Dropout,Kanye West,2004-02-10,"Chipmunk Soul, Pop Rap",4.03,34739,272,https://i.discogs.com/bbYRxCngKfYkzKx5TUuYKGod4DpYv535H363fx8qaKE/rs:fit/g:sm/q:90/h:584/w:600/czM6Ly9kaXNjb2dz/LWRhdGFiYXNlLWlt/YWdlcy9SLTIzMzQ0/NS0xNDg5ODEwNDA0/LTk3MDEuanBlZw.jpeg,1. Intro (18s); 2. We Don't Care (239s); 3. Graduation Day (81s); 4. All Falls Down (223s); 5. I'll Fly Away (69s); 6. Spaceship (324s); 7. Jesus Walks (193s); 8. Never Let Me Down (324s); 9. Get Em High (289s); 10. Workout Plan (46s); 11. The New Workout Plan (322s); 12. Slow Jamz (316s); 13. Breathe In Breathe Out (246s); 14. School Spirit Skit 1 (78s); 15. School Spirit (182s); 16. School Spirit Skit 2 (43s); 17. Lil Jimmy Skit (53s); 18. Two Words (266s); 19. Through The Wire (221s); 20. Family Business (278s); 21. Last Call (760s),68440261.0
69,Daydream Nation,Sonic Youth,1988-10-18,"Noise Rock, Alternative Rock",4.05,27963,499,https://i.discogs.com/0QLVSaCsVSnH9nTexUu64IP0Tzphgnj7GaUIR-N4u7g/rs:fit/g:sm/q:90/h:594/w:600/czM6Ly9kaXNjb2dz/LWRhdGFiYXNlLWlt/YWdlcy9SLTU3NDYx/MTEtMTY5MzI2NjAz/NC00NTk5LmpwZWc.jpeg,"1. Teen Age Riot (Album Version) (418s); 2. Silver Rocket (Album Version) (227s); 3. The Sprawl (Album Version) (462s); 4. 'Cross the Breeze (Album Version) (420s); 5. Eric's Trip (Album Version) (228s); 6. Total Trash (Album Version) (453s); 7. Hey Joni (Album Version) (263s); 8. Providence (161s); 9. Candle (299s); 10. Rain King (Album Version) (279s); 11. Kissability (Album Version) (187s); 12. A) the Wonder (Album Version) (255s); 13. B) Hyperstation (Album Version) (432s); 14. Z) Eliminator, Jr. (157s)",10843530.0
70,Liquid Swords,Genius/GZA,1995-11-07,"East Coast Hip Hop, Hardcore Hip Hop, Boom Bap",4.11,17308,329,https://i.discogs.com/CCChjVpJ1KxzRQT192HSVDS4Waw6t5i2dyj5m2b4dz0/rs:fit/g:sm/q:90/h:599/w:600/czM6Ly9kaXNjb2dz/LWRhdGFiYXNlLWlt/YWdlcy9SLTIwODEw/OS0xNjY5ODIxNzQ4/LTgzNzkuanBlZw.jpeg,,
71,Blonde,Frank Ocean,2016-08-20,"Alternative R&B, Art Pop, Neo-Soul",4.04,29807,289,https://i.discogs.com/zMe1fzwVZTbfBimS0hONvRN8D0T5GgNXJ4lfxbIm8rI/rs:fit/g:sm/q:90/h:566/w:600/czM6Ly9kaXNjb2dz/LWRhdGFiYXNlLWlt/YWdlcy9SLTI1NTAw/ODc3LTE2NzQ3Nzgy/MzgtMjgxMi5qcGVn.jpeg,1. Nikes (314s); 2. Ivy (249s); 3. Pink + White (184s); 4. Be Yourself (86s); 5. Solo (257s); 6. Skyline To (184s); 7. Self Control (249s); 8. Good Guy (66s); 9. Nights (307s); 10. Solo (Reprise) (78s); 11. Pretty Sweet (158s); 12. Facebook Story (68s); 13. Close to You (85s); 14. White Ferrari (248s); 15. Seigfried (334s); 16. Godspeed (177s); 17. Futura Free (564s),344137457.0
72,The Velvet Underground,The Velvet Underground,1969-03-01,Pop Rock,4.09,22144,399,https://i.discogs.com/nRTu2Bq-nYG8VmZ5Xb9uo2LsJsDd-9zX39Gu9P2sLRE/rs:fit/g:sm/q:90/h:600/w:600/czM6Ly9kaXNjb2dz/LWRhdGFiYXNlLWlt/YWdlcy9SLTY3Nzc2/MzctMTQ2MjIzNDY1/Ny0yODg3LmpwZWc.jpeg,1. Sunday Morning (173s); 2. I'm Waiting For The Man (277s); 3. Femme Fatale (155s); 4. Venus In Furs (310s); 5. Run Run Run (260s); 6. All Tomorrow's Parties (355s); 7. Heroin (425s); 8. There She Goes Again (158s); 9. I'll Be Your Mirror (131s); 10. The Black Angel's Death Song (190s); 11. European Son (460s),6004996.0
73,Rubber Soul,The Beatles,1965-12-03,Pop Rock,4.03,33508,721,https://i.discogs.com/C1imF2G7l5-60e_dREYLZlsb_zffuyCXCBxcB3BMMBk/rs:fit/g:sm/q:90/h:600/w:600/czM6Ly9kaXNjb2dz/LWRhdGFiYXNlLWlt/YWdlcy9SLTEwMjQx/OTU4LTE0OTQ0MzQz/NzAtNzQwMy5qcGVn.jpeg,1. Drive My Car (Remastered 2009) (148s); 2. Norwegian Wood (This Bird Has Flown) (Remastered 2009) (123s); 3. You Won't See Me (Remastered 2009) (199s); 4. Nowhere Man (Remastered 2009) (162s); 5. Think For Yourself (Remastered 2009) (137s); 6. The Word (Remastered 2009) (162s); 7. Michelle (Remastered 2009) (161s); 8. What Goes On (Remastered 2009) (167s); 9. Girl (Remastered 2009) (150s); 10. I'm Looking Through You (Remastered 2009) (145s); 11. In My Life (Remastered 2009) (145s); 12. Wait (Remastered 2009) (133s); 13. If I Needed Someone (Remastered 2009) (141s); 14. Run For Your Life (Remastered 2009) (141s),12047936.0
74,What's Going On,Marvin Gaye,1971-05-21,Soul,4.11,18776,341,https://i.discogs.com/fBe31DlFBl5CiCi80gHcbEFHHVxam_qA4pT30_23PeM/rs:fit/g:sm/q:90/h:599/w:600/czM6Ly9kaXNjb2dz/LWRhdGFiYXNlLWlt/YWdlcy9SLTE1NTkw/NDAtMTMxMTA0Mjg2/MS5qcGVn.jpeg,1. What's Going On (231s); 2. What's Happening Brother (164s); 3. Flyin' High (In The Friendly Sky) (229s); 4. Save The Children (243s); 5. God Is Love (102s); 6. Mercy Mercy Me (The Ecology) (193s); 7. Right On (451s); 8. Wholy Holy (188s); 9. Inner City Blues (Make Me Wanna Holler) (328s),184480112.0
75,★ [Blackstar],David Bowie,2016-01-08,Art Rock,4.06,25408,297,https://i.discogs.com/hj_PC4P-C1JsF47L5xhmzuWHND6kNf4JujnaJ0w3Vvg/rs:fit/g:sm/q:90/h:600/w:600/czM6Ly9kaXNjb2dz/LWRhdGFiYXNlLWlt/YWdlcy9SLTc5MzIw/MzgtMTQ1MjQxNDQ5/Ni05NDIyLmpwZWc.jpeg,,
76,Ride the Lightning,Metallica,1984-07-30,Thrash Metal,4.05,27615,546,https://i.discogs.com/53Fq15MYe7-DQJ-zAfD1p8jvgZbcN0FScCRavxDsRL8/rs:fit/g:sm/q:90/h:600/w:600/czM6Ly9kaXNjb2dz/LWRhdGFiYXNlLWlt/YWdlcy9SLTgzODU2/NDUtMTQ2MzU1MzE1/OS0zNTM3LmpwZWc.jpeg,1. Fight Fire With Fire (Remastered) (284s); 2. Ride The Lightning (Remastered) (396s); 3. For Whom The Bell Tolls (Remastered) (309s); 4. Fade To Black (Remastered) (417s); 5. Trapped Under Ice (Remastered) (244s); 6. Escape (Remastered) (263s); 7. Creeping Death (Remastered) (395s); 8. The Call Of Ktulu (Remastered) (533s),14590600.0
77,Station to Station,David Bowie,1976-01-23,Art Rock,4.09,21019,358,https://i.discogs.com/P9GlAOWcpU7_8C7B2GD6x6Rvna8R0tMaCjEPt-nQASc/rs:fit/g:sm/q:90/h:600/w:600/czM6Ly9kaXNjb2dz/LWRhdGFiYXNlLWlt/YWdlcy9SLTQ0MjU1/NDAtMTM3NDQzMTU4/My00OTgyLmpwZWc.jpeg,1. Station to Station (2016 Remaster) (617s); 2. Golden Years (2016 Remaster) (243s); 3. Word on a Wing (2016 Remaster) (364s); 4. TVC15 (2016 Remaster) (335s); 5. Stay (2016 Remaster) (376s); 6. Wild Is the Wind (2016 Remaster) (366s),15318359.0
78,Black Sabbath,Black Sabbath,1970-02-13,"Heavy Metal, Hard Rock",4.06,24945,559,https://i.discogs.com/yLkmR-zlxMVOHaC0V97xtnun1qhN8MAieny8fOHmXGA/rs:fit/g:sm/q:90/h:591/w:600/czM6Ly9kaXNjb2dz/LWRhdGFiYXNlLWlt/YWdlcy9SLTEwMzc0/MDU5LTE0OTc5NzQ5/NjctNTg2Mi5qcGVn.jpeg,1. Black Sabbath (2014 Remaster) (378s); 2. The Wizard (2014 Remaster) (262s); 3. Wasp / Behind the Wall of Sleep / Bassically / N.I.B. (2014 Remaster) (583s); 4. Wicked World (2013 Remaster) (285s); 5. A Bit of Finger / Sleeping Village / Warning (2013 Remaster) (853s),7308107.0
79,Magical Mystery Tour,The Beatles,1967-11-27,"Psychedelic Pop, Pop Rock",4.06,27318,560,https://i.discogs.com/TMS7SaJzPt6PQXdRjwM9LpgvyMTU3mcyvCBRA_14Eio/rs:fit/g:sm/q:90/h:604/w:600/czM6Ly9kaXNjb2dz/LWRhdGFiYXNlLWlt/YWdlcy9SLTQ2NDI5/Mi0xNDM0NjY1MjM4/LTM3MDIuanBlZw.jpeg,"1. Magical Mystery Tour (Remastered 2009) (169s); 2. The Fool On The Hill (Remastered 2009) (177s); 3. Flying (Remastered 2009) (134s); 4. Blue Jay Way (Remastered 2009) (233s); 5. Your Mother Should Know (Remastered 2009) (146s); 6. I Am The Walrus (Remastered 2009) (273s); 7. Hello, Goodbye (Remastered 2009) (208s); 8. Strawberry Fields Forever (Remastered 2009) (247s); 9. Penny Lane (Remastered 2009) (179s); 10. Baby, You're A Rich Man (Remastered 2009) (180s); 11. All You Need Is Love (Remastered 2009) (230s)",12047938.0
80,Tago Mago,Can,1971-08-01,"Krautrock, Psychedelic Rock, Experimental Rock",4.07,22071,479,https://i.discogs.com/GTJLK3Vw0NjHdmffNoRfce-jK-IFp9Cnf6Zgcw1alO0/rs:fit/g:sm/q:90/h:600/w:600/czM6Ly9kaXNjb2dz/LWRhdGFiYXNlLWlt/YWdlcy9SLTIyNjEz/Mi0xNDM4MjAxODM5/LTI4NzYuanBlZw.jpeg,1. Paperhouse (2011 Remastered) (448s); 2. Mushroom (2011 Remastered) (243s); 3. Oh Yeah (2011 Remastered) (442s); 4. Halleluhwah (2011 Remastered) (1111s); 5. Aumgn (2011 Remastered) (1051s); 6. Peking O (2011 Remastered) (703s); 7. Bring Me Coffee Or Tea (2011 Remastered) (409s); 1. Mushroom (Live 1972) (522s); 2. Spoon (Live 1972) (1795s); 3. Halleluwah (Live 1972) (552s),7472029.0
81,Bringing It All Back Home,Bob Dylan,1965-03-22,"Folk Rock, Singer/Songwriter, Contemporary Folk",4.11,16718,386,https://i.discogs.com/1PZjyWQWhcQ7Zw9iyo01J_iQFyqd-PyCwABti95GvsU/rs:fit/g:sm/q:90/h:564/w:598/czM6Ly9kaXNjb2dz/LWRhdGFiYXNlLWlt/YWdlcy9SLTEwNjI5/MTUtMTM0Mzg0NTI3/MS05NTc4LmpwZWc.jpeg,"1. Subterranean Homesick Blues (138s); 2. She Belongs to Me (167s); 3. Maggie's Farm (235s); 4. Love Minus Zero (169s); 5. Outlaw Blues (182s); 6. On the Road Again (155s); 7. Bob Dylan's 115th Dream (391s); 8. Mr. Tambourine Man (325s); 9. Gates of Eden (341s); 10. It's Alright, Ma (I'm Only Bleeding) (451s); 11. It's All Over Now, Baby Blue (254s)",1261189.0
82,Heaven or Las Vegas,Cocteau Twins,1990-09-17,Dream Pop,4.08,22107,205,https://i.discogs.com/4aoOARpeUF-cbEjniCDG7t2BafKYFCNcEaVW5d05OO8/rs:fit/g:sm/q:90/h:600/w:600/czM6Ly9kaXNjb2dz/LWRhdGFiYXNlLWlt/YWdlcy9SLTU4NzY0/NjUtMTQwNTk0NzIz/Mi0zMTY4LmpwZWc.jpeg,"1. Cherry-coloured Funk (192s); 2. Pitch the Baby (194s); 3. Iceblink Luck (198s); 4. Fifty-fifty Clown (190s); 5. Heaven or Las Vegas (298s); 6. I Wear Your Ring (209s); 7. Fotzepolitic (210s); 8. Wolf in the Breast (211s); 9. Road, River and Rail (201s); 10. Frou-frou Foxes in Midsummer Fires (338s)",106054.0
83,After the Gold Rush,Neil Young,1970-09-19,"Folk Rock, Singer/Songwriter, Country Rock",4.09,18452,380,https://i.discogs.com/ylWWw2Y1IrETuPJ1AFAfTSLAR_9s4pL-RTOXmnNLo6o/rs:fit/g:sm/q:90/h:593/w:600/czM6Ly9kaXNjb2dz/LWRhdGFiYXNlLWlt/YWdlcy9SLTMzNDUy/OTAtMTQxNTEyMjQy/NC00MDU3LmpwZWc.jpeg,"1. Tell Me Why (177s); 2. After the Gold Rush (225s); 3. Only Love Can Break Your Heart (188s); 4. Southern Man (331s); 5. Till the Morning Comes (76s); 6. Oh, Lonesome Me (228s); 7. Don't Let It Bring You Down (176s); 8. Birds (153s); 9. When You Dance I Can Really Love (225s); 10. I Believe in You (207s); 11. Cripple Creek Ferry (93s); 12. Break (Silent Track) (30s); 13. Wonderin' (133s); 14. Wonderin' (Alternate) (112s)",191752032.0
84,Aquemini,OutKast,1998-09-29,"Southern Hip Hop, Conscious Hip Hop",4.11,16064,158,https://i.discogs.com/L6PLT3B9qDOO-qzUDYUR-CrwcJ71YYKkyJ_fLs2FJOY/rs:fit/g:sm/q:90/h:601/w:600/czM6Ly9kaXNjb2dz/LWRhdGFiYXNlLWlt/YWdlcy9SLTE2OTMy/NS0xNzM2OTQ3MzAy/LTgzODYuanBlZw.jpeg,"1. Hold On, Be Strong (71s); 2. Return of the ""G"" (289s); 3. Rosa Parks (324s); 4. Skew It on the Bar-B (feat. Raekwon) (195s); 5. Aquemini (319s); 6. Synthesizer (feat. George Clinton) (311s); 7. Slump (309s); 8. West Savannah (243s); 9. Da Art of Storytellin' (Pt. 1) (223s); 10. Da Art of Storytellin' (Pt. 2) (168s); 11. Mamacita (352s); 12. SpottieOttieDopaliscious (427s); 13. Y'All Scared (feat. T-Mo, Big Gipp & Khujo) (290s); 14. Nathaniel (70s); 15. Liberation (with Cee-Lo) (526s); 16. Chonkyfire (370s)",107860.0
85,Future Days,Can,1973-09-01,Krautrock,4.11,16295,248,https://i.discogs.com/Q_FyiioXof7EYuSA1EeQeHFH13sHT48Rn9tTiQt1CrE/rs:fit/g:sm/q:90/h:597/w:600/czM6Ly9kaXNjb2dz/LWRhdGFiYXNlLWlt/YWdlcy9SLTYxOTA3/OTgtMTQxNjg5NTA1/MC03MjQzLmpwZWc.jpeg,1. Future Days (569s); 2. Spray (509s); 3. Moonshake (182s); 4. Bel Air (1192s),7471986.0
86,Ágætis byrjun,Sigur Rós,1999-06-12,Post-Rock,4.04,26732,496,https://i.discogs.com/o2xBwQvj_-H0ldFR2nyaZkKem0E8Zw0OZeFGANzULeo/rs:fit/g:sm/q:90/h:600/w:600/czM6Ly9kaXNjb2dz/LWRhdGFiYXNlLWlt/YWdlcy9SLTY1ODk4/NTQtMTQyMjY5Mjgy/MS03NTgwLmpwZWc.jpeg,1. Intro (96s); 2. Svefn-g-englar (606s); 3. Starálfur (406s); 4. Flugufrelsarinn (467s); 5. Ný batterí (490s); 6. Hjartað hamast (bamm bamm bamm) (430s); 7. Viðrar vel til loftárása (617s); 8. Olsen olsen (482s); 9. Ágætis byrjun (475s); 10. Avalon (242s),82417442.0
87,Fun House,The Stooges,1970-09-01,"Proto-Punk, Garage Rock, Hard Rock",4.09,17795,451,https://i.discogs.com/vU5KlORJeO-8A1yPTdtV6iItc_2L24ltDAlSPm9bMgM/rs:fit/g:sm/q:90/h:600/w:600/czM6Ly9kaXNjb2dz/LWRhdGFiYXNlLWlt/YWdlcy9SLTI3MDYx/NTctMTQwNzE1OTI2/MS02MzE2LmpwZWc.jpeg,1. Down on the Street (2005 Remaster) (223s); 2. Loose (2005 Remaster) (214s); 3. T.V. Eye (2005 Remaster) (257s); 4. Dirt (2005 Remaster) (423s); 5. 1970 (2005 Remaster) (314s); 6. Fun House (Remastered) (467s); 7. L.A. Blues (2005 Remaster) (297s); 8. T.V. Eye (Takes 7 & 8) (361s); 9. Loose (Demo) (73s); 10. Loose (Take 2; Edit) (222s); 11. Loose (Take 22) (222s); 12. Lost in the Future (Take 1) (341s); 13. Down on the Street (Take 1) (125s); 14. Down on the Street (Take 8) (255s); 15. Dirt (Take 10) (429s); 16. Slide (Slidin' the Blues) (Take 1) (275s); 17. 1970 (Take 3) (454s); 18. Fun House (Take 2; Edit) (554s); 19. Fun House (Take 3) (679s); 20. Down on the Street (Single Mix; 2005 Remaster) (163s); 21. I Feel Alright (1970) (Single Mix; 2005 Remaster) (201s),271550.0
88,Hunky Dory,David Bowie,1971-12-17,"Glam Rock, Pop Rock, Art Rock",4.04,27512,510,https://i.discogs.com/IZRdkq5nssuixWy1OaXshzUlLIYf-pWoep_zfBNxaaw/rs:fit/g:sm/q:90/h:602/w:599/czM6Ly9kaXNjb2dz/LWRhdGFiYXNlLWlt/YWdlcy9SLTgxNjIw/ODgtMTQ3MDc3NDI1/NS0yOTQ0LmpwZWc.jpeg,1. Changes (2015 Remaster) (212s); 2. Oh! You Pretty Things (2015 Remaster) (193s); 3. Eight Line Poem (2015 Remaster) (175s); 4. Life on Mars? (2015 Remaster) (235s); 5. Kooks (2015 Remaster) (173s); 6. Quicksand (2015 Remaster) (306s); 7. Fill Your Heart (2015 Remaster) (190s); 8. Andy Warhol (2015 Remaster) (234s); 9. Song for Bob Dylan (2015 Remaster) (253s); 10. Queen Bitch (2015 Remaster) (200s); 11. The Bewlay Brothers (2015 Remaster) (329s),11205658.0
89,Rain Dogs,Tom Waits,1985-09-30,"Singer/Songwriter, Experimental Rock",4.07,19301,354,https://i.discogs.com/JETi-W74ByQAM7oOPadB1MumFU-4bgZs7CmO6XZrBLI/rs:fit/g:sm/q:90/h:593/w:600/czM6Ly9kaXNjb2dz/LWRhdGFiYXNlLWlt/YWdlcy9SLTMzOTQ4/Ny0xMzkzMTUzMjgz/LTIyMTQuanBlZw.jpeg,1. Singapore (2023 Remaster) (166s); 2. Clap Hands (2023 Remaster) (227s); 3. Cemetery Polka (2023 Remaster) (111s); 4. Jockey Full Of Bourbon (2023 Remaster) (165s); 5. Tango Till They're Sore (2023 Remaster) (165s); 6. Big Black Mariah (2023 Remaster) (161s); 7. Diamonds And Gold (2023 Remaster) (151s); 8. Hang Down Your Head (2023 Remaster) (152s); 9. Time (2023 Remaster) (240s); 10. Rain Dogs (2023 Remaster) (176s); 11. Midtown (2023 Remaster) (60s); 12. 9th & Hennepin (2023 Remaster) (118s); 13. Gun Street Girl (2023 Remaster) (277s); 14. Union Square (2023 Remaster) (144s); 15. Blind Love (2023 Remaster) (258s); 16. Walking Spanish (2023 Remaster) (185s); 17. Downtown Train (2023 Remaster) (233s); 18. Bride Of Rain Dog (2023 Remaster) (67s); 19. Anywhere I Lay My Head (2023 Remaster) (168s),460929645.0
90,London Calling,The Clash,1979-12-14,"New Wave, Punk Rock",4.01,28704,747,https://i.discogs.com/vKxXel-d8v2rK-XYAVEaEi6d-2SgwXHxsVF8D17_-lI/rs:fit/g:sm/q:90/h:600/w:600/czM6Ly9kaXNjb2dz/LWRhdGFiYXNlLWlt/YWdlcy9SLTQ3MDkx/Mi0xNjA3NzYxMTgy/LTU4MjQuanBlZw.jpeg,1. London Calling (Remastered) (200s); 2. Brand New Cadillac (Remastered) (128s); 3. Jimmy Jazz (Remastered) (234s); 4. Hateful (Remastered) (163s); 5. Rudie Can't Fail (Remastered) (208s); 6. Spanish Bombs (Remastered) (198s); 7. The Right Profile (Remastered) (234s); 8. Lost in the Supermarket (Remastered) (226s); 9. Clampdown (Remastered) (229s); 10. The Guns of Brixton (Remastered) (192s); 11. Wrong 'Em Boyo (Remastered) (191s); 12. Death or Glory (Remastered) (235s); 13. Koka Kola (Remastered) (107s); 14. The Card Cheat (Remastered) (229s); 15. Lover's Rock (Remastered) (243s); 16. Four Horsemen (Remastered) (175s); 17. I'm Not Down (Remastered) (186s); 18. Revolution Rock (Remastered) (333s); 19. Train in Vain (Stand by Me) (Remastered) (194s),6856704.0
91,Selected Ambient Works 85-92,Aphex Twin,1992-11-09,"Ambient Techno, IDM",4.03,27921,300,https://i.discogs.com/geJx65sOZCLuuzP4OB0D0pRHj9j9OhzCOqon2RXOMEY/rs:fit/g:sm/q:90/h:602/w:600/czM6Ly9kaXNjb2dz/LWRhdGFiYXNlLWlt/YWdlcy9SLTQ4ODcx/NzctMTQ4NzYzMTE0/MS00ODI4LmpwZWc.jpeg,1. Xtal (294s); 2. Tha (547s); 3. Pulsewidth (228s); 4. Ageispolis (323s); 5. I (77s); 6. Green Calx (365s); 7. Heliosphan (294s); 8. We Are the Music Makers (464s); 9. Schottkey 7th Path (309s); 10. Ptolemy (434s); 11. Hedphelym (364s); 12. Delphium (329s); 13. Actium (455s),12977824.0
92,Midnight Marauders,A Tribe Called Quest,1993-11-09,"East Coast Hip Hop, Jazz Rap, Boom Bap",4.1,15949,172,https://i.discogs.com/BTkJhAP-XrREK2wzcjU5EVjEJjhkdZtbwoNnV9g5HXo/rs:fit/g:sm/q:90/h:595/w:600/czM6Ly9kaXNjb2dz/LWRhdGFiYXNlLWlt/YWdlcy9SLTkzNjM1/LTE2OTEwMDE2OTIt/MzkxMC5qcGVn.jpeg,"1. Midnight Marauders Tour Guide (45s); 2. Steve Biko (Stir It Up) (191s); 3. Award Tour (feat. Trugoy The Dove) (226s); 4. 8 Million Stories (261s); 5. Sucka Nigga (245s); 6. Midnight (feat. Raphael Saadiq) (265s); 7. We Can Get Down (259s); 8. Electric Relaxation (236s); 9. Clap Your Hands (196s); 10. Oh My God (feat. Busta Rhymes) (211s); 11. Keep It Rollin' (feat. Large Professor) (186s); 12. The Chase, Part II (242s); 13. Lyrics to Go (249s); 14. God Lives Through (255s)",1207252.0
93,Funeral,Arcade Fire,2004-09-14,"Indie Rock, Chamber Pop",3.97,37023,837,https://i.discogs.com/2QYKXTbSSX6I5ofBITStYgX-KwETaqQha5lRPy0Pdfc/rs:fit/g:sm/q:90/h:600/w:600/czM6Ly9kaXNjb2dz/LWRhdGFiYXNlLWlt/YWdlcy9SLTIwOTM4/NDEtMTQ4OTMzMTQ3/MC03Mzk0LmpwZWc.jpeg,1. Neighborhood #1 (Tunnels) (288s); 2. Neighborhood #2 (Laika) (212s); 3. Une Annee Sans Lumiere (220s); 4. Neighborhood #3 (Power Out) (312s); 5. Neighborhood #4 (7 Kettles) (289s); 6. Crown of Love (282s); 7. Wake Up (335s); 8. Haiti (247s); 9. Rebellion (Lies) (310s); 10. In the Backseat (380s),43265861.0
94,Master of Puppets,Metallica,1986-03-03,Thrash Metal,4.0,30780,730,https://i.discogs.com/h_1XLwnh5S564RNdmzAsiIevOwkCu_ZjF0f7xtv4lQM/rs:fit/g:sm/q:90/h:600/w:600/czM6Ly9kaXNjb2dz/LWRhdGFiYXNlLWlt/YWdlcy9SLTYwMjUw/NDQtMTQwOTg3NDU1/Ni0zMzg2LmpwZWc.jpeg,"1. Battery (Remastered) (312s); 2. Master Of Puppets (Remastered) (515s); 3. The Thing That Should Not Be (Remastered) (396s); 4. Welcome Home (Sanitarium) (Remastered) (387s); 5. Disposable Heroes (Remastered) (496s); 6. Leper Messiah (Remastered) (339s); 7. Orion (Remastered) (507s); 8. Damage, Inc. (Remastered) (332s)",51188172.0
95,Carrie & Lowell,Sufjan Stevens,2015-03-31,"Indie Folk, Singer/Songwriter",4.04,21983,214,https://i.discogs.com/DyTCyEM7sRXTthLJiuetK74spU7LJWsGhroZtfovc-I/rs:fit/g:sm/q:90/h:600/w:600/czM6Ly9kaXNjb2dz/LWRhdGFiYXNlLWlt/YWdlcy9SLTY1NDky/MTUtMTQyMTgxOTEw/Mi03NTY3LmpwZWc.jpeg,1. Death with Dignity (240s); 2. Should Have Known Better (308s); 3. All of Me Wants All of You (222s); 4. Drawn to the Blood (198s); 5. Eugene (147s); 6. Fourth of July (279s); 7. The Only Thing (284s); 8. Carrie & Lowell (195s); 9. John My Beloved (305s); 10. No Shade in the Shadow of The Cross (161s); 11. Blue Bucket of Gold (285s),9859372.0
96,Purple Rain,Prince and The Revolution,1984-06-25,"Pop Rock, Film Soundtrack, Synth Funk",4.07,16754,313,https://i.discogs.com/mSIjl1G4gAdx2xw9iLG1fBmNPLz_5GNo0bLqeWyDMh4/rs:fit/g:sm/q:90/h:600/w:600/czM6Ly9kaXNjb2dz/LWRhdGFiYXNlLWlt/YWdlcy9SLTE5NDAy/MS0xMzM1NDAwMjg5/LmpwZWc.jpeg,1. Purple Rain (329s),475148735.0
97,White Light / White Heat,The Velvet Underground,1968-01-30,"Experimental Rock, Noise Rock, Proto-Punk",4.03,24274,503,https://i.discogs.com/TAsj65klCgVhW099Kk--Z51VAYbPN6ACah7G8rmZtko/rs:fit/g:sm/q:90/h:500/w:476/czM6Ly9kaXNjb2dz/LWRhdGFiYXNlLWlt/YWdlcy9SLTM2OTAx/MC0xMjg0MDQ5MjE1/LmpwZWc.jpeg,1. White Light/White Heat (167s); 2. The Gift (499s); 3. Lady Godiva's Operation (296s); 4. Here She Comes Now (125s); 5. I Heard Her Call My Name (278s); 6. Sister Ray (1050s),70483632.0
98,Innervisions,Stevie Wonder,1973-08-03,Soul,4.11,12323,242,https://i.discogs.com/QheRjIVbKLUXQevjMJx1qzckmLgtpjGHCtWbD1_Ty3Y/rs:fit/g:sm/q:90/h:598/w:600/czM6Ly9kaXNjb2dz/LWRhdGFiYXNlLWlt/YWdlcy9SLTIyMzQx/OS0xNjY3MjU3OTcz/LTMyNzQuanBlZw.jpeg,1. Too High (276s); 2. Visions (323s); 3. Living For The City (443s); 4. Golden Lady (295s); 5. Higher Ground (222s); 6. Jesus Children Of America (250s); 7. All In Love Is Fair (222s); 8. Don't You Worry 'Bout A Thing (285s); 9. He's Misstra Know-It-All (336s),230976.0
99,Giant Steps,John Coltrane,1960-01-27,Hard Bop,4.1,13880,192,https://i.discogs.com/EuqJKP4X-MA8JdBeMDIaNqAvqSCe3rp2i6H6RAJ32v4/rs:fit/g:sm/q:90/h:600/w:600/czM6Ly9kaXNjb2dz/LWRhdGFiYXNlLWlt/YWdlcy9SLTY1MzY5/ODQtMTY4Mjc5Mzc5/NS04MTkyLmpwZWc.jpeg,1. Giant Steps (2020 Remaster) (287s); 2. Cousin Mary (2020 Remaster) (350s); 3. Countdown (2020 Remaster) (145s); 4. Spiral (2020 Remaster) (359s); 5. Syeeda's Song Flute (2020 Remaster) (426s); 6. Naima (2020 Remaster) (265s); 7. Mr. P.C. (2020 Remaster) (417s),173465852.0
100,Donuts,J Dilla,2006-02-07,Instrumental Hip Hop,4.06,18830,260,https://i.discogs.com/pBc8jM2dStF9OLVBHOr-fMzHc_1OYAqn0bpBaCNuUuE/rs:fit/g:sm/q:90/h:600/w:600/czM6Ly9kaXNjb2dz/LWRhdGFiYXNlLWlt/YWdlcy9SLTYxOTg3/Mi0xNDAzMjc2OTky/LTQ1MjIuanBlZw.jpeg,"1. Donuts (Outro) (13s); 2. Workinonit (177s); 3. Waves (99s); 4. Light It (36s); 5. The New (50s); 6. Stop (99s); 7. People (84s); 8. The Diff'rence (112s); 9. Mash (91s); 10. Time: The Donut of the Heart (99s); 11. Glazed (81s); 12. Airworks (105s); 13. Lightworks (115s); 14. Stepson Of The Clapper (61s); 15. The Twister (Huh, What) (77s); 16. One Eleven (71s); 17. Two Can Win (107s); 18. Don't Cry (119s); 19. Anti-American Graffiti (114s); 20. Geek Down (80s); 21. Thunder (54s); 22. Gobstopper (65s); 23. One For Ghost (78s); 24. Dilla Says Go (76s); 25. Walkinonit (75s)",54294542.0
0,Massi's Glazing,Massi,2025,Amita,0.0,0,0,BrightByteLogo.png,1. Je t'aime à la folie (305s); 2. Si tu m'aimes (309s); 3. Hubaghkem Dessah (292s); 4. Ah ya la jeunesse (285s); 5. Tskhilem Adjevi (327s); 6. Arwigh a Habber (310s),1131265.0
0,Massi's Interpolation,Massi,2025,Math,0,0,0,,1. eric;   2. derivative;   3. f(x);  4. e^x;  5. f'(x);  6. x^2;  7. cos(x); 8. lim x -> infinity; ,
